"","short_visual","n","vis2","dinuc","hasmh"
"1","<{A}G>{A}",111,"<AG>A","AG",TRUE
"2","<{T}C>{T}",106,"<TC>T","TC",TRUE
"3","<AG>[AG]",99,"<AG>[AG]","AG",FALSE
"4","<CT>[CT]",62,"<CT>[CT]","CT",FALSE
"5","<{T}G>{T}",58,"<TG>T","TG",TRUE
"6","<{A}C>{A}",50,"<AC>A","AC",TRUE
"7","<TC>[TC]",40,"<TC>[TC]","TC",FALSE
"8","<CT>",35,"<CT>","CT",FALSE
"9","<AG>",33,"<AG>","AG",FALSE
"10","<TG>[TG]",33,"<TG>[TG]","TG",FALSE
"11","<AG>[AGAG]",31,"<AG>[AGAG]","AG",FALSE
"12","<CA>[CA]",25,"<CA>[CA]","CA",FALSE
"13","<CT>[CTCT]",19,"<CT>[CTCT]","CT",FALSE
"14","<TC>[TCTC]",17,"<TC>[TCTC]","TC",FALSE
"15","<AC>[AC]",14,"<AC>[AC]","AC",FALSE
"16","<GT>[GT]",13,"<GT>[GT]","GT",FALSE
"17","<AG>[AGAGAG]",12,"<AG>[AGAGAG]","AG",FALSE
"18","<{A}A>{A}",11,"<AA>A","AA",TRUE
"19","<TT>",10,"<TT>","TT",FALSE
"20","<{A}T>{A}",10,"<AT>A","AT",TRUE
"21","<{T}A>{T}",10,"<TA>T","TA",TRUE
"22","<GT>[GTGT]",8,"<GT>[GTGT]","GT",FALSE
"23","<TG>[TGTG]",8,"<TG>[TGTG]","TG",FALSE
"24","<{T}T>{T}",8,"<TT>T","TT",TRUE
"25","<AC>[ACAC]",7,"<AC>[ACAC]","AC",FALSE
"26","<AT>[AT]",7,"<AT>[AT]","AT",FALSE
"27","<GA>[GA]",7,"<GA>[GA]","GA",FALSE
"28","<TC>[TCTCTCTCTC]",7,"<TC>[TCTCTCTCTC]","TC",FALSE
"29","<TC>[TCTCTCTC]",7,"<TC>[TCTCTCTC]","TC",FALSE
"30","<TC>[TCTCTC]",7,"<TC>[TCTCTC]","TC",FALSE
"31","<TT>[TT]",7,"<TT>[TT]","TT",FALSE
"32","<CT>[CTCTCT]",6,"<CT>[CTCTCT]","CT",FALSE
"33","<GA>[GAGA]",6,"<GA>[GAGA]","GA",FALSE
"34","<AA>",5,"<AA>","AA",FALSE
"35","<AA>[AA]",5,"<AA>[AA]","AA",FALSE
"36","<GA>[GAGAGA]",5,"<GA>[GAGAGA]","GA",FALSE
"37","<AT>",4,"<AT>","AT",FALSE
"38","<CA>[CACA]",4,"<CA>[CACA]","CA",FALSE
"39","<TA>[TA]",4,"<TA>[TA]","TA",FALSE
"40","<AC>[ACACAC]",3,"<AC>[ACACAC]","AC",FALSE
"41","<TG>",3,"<TG>","TG",FALSE
"42","<AC>[ACACACAC]",2,"<AC>[ACACACAC]","AC",FALSE
"43","<AT>[ATAT]",2,"<AT>[ATAT]","AT",FALSE
"44","<CA>",2,"<CA>","CA",FALSE
"45","<CT>[CTCTCTCTCT]",2,"<CT>[CTCTCTCTCT]","CT",FALSE
"46","<TT>[TTTT]",2,"<TT>[TTTT]","TT",FALSE
"47","<{C}A>{C}",2,"<CA>C","CA",TRUE
"48","<{C}C>{C}",2,"<CC>C","CC",TRUE
"49","<AG>[AGAGAGAGAGAG]",1,"<AG>[AGAGAGAGAGAG]","AG",FALSE
"50","<AG>[AGAGAGAGAG]",1,"<AG>[AGAGAGAGAG]","AG",FALSE
"51","<AG>[AGAGAGAG]",1,"<AG>[AGAGAGAG]","AG",FALSE
"52","<AT>[ATATAT]",1,"<AT>[ATATAT]","AT",FALSE
"53","<CA>[CACACACACA]",1,"<CA>[CACACACACA]","CA",FALSE
"54","<CC>",1,"<CC>","CC",FALSE
"55","<CG>",1,"<CG>","CG",FALSE
"56","<GA>[GAGAGAGAGA]",1,"<GA>[GAGAGAGAGA]","GA",FALSE
"57","<GA>[GAGAGAGA]",1,"<GA>[GAGAGAGA]","GA",FALSE
"58","<GT>[GTGTGTGTGTGTGT]",1,"<GT>[GTGTGTGTGTGTGT]","GT",FALSE
"59","<GT>[GTGTGT]",1,"<GT>[GTGTGT]","GT",FALSE
"60","<TA>[TATATATATATA]",1,"<TA>[TATATATATATA]","TA",FALSE
"61","<TG>[TGTGTGTGTG]",1,"<TG>[TGTGTGTGTG]","TG",FALSE
"62","<TG>[TGTGTG]",1,"<TG>[TGTGTG]","TG",FALSE
"63","<TT>[TTTTTT]",1,"<TT>[TTTTTT]","TT",FALSE
"64","<{C}T>{C}",1,"<CT>C","CT",TRUE
"65","<{G}T>{G}",1,"<GT>G","GT",TRUE
